{
    "C": [
        1938.0,
        1002.0
    ],
    "R": 957.6,
    "K": [
        [
            0.21388070285320282,
            0.0,
            0.00025555293541401625
        ],
        [
            0.0,
            0.38045650720596313,
            0.020429935306310654
        ],
        [
            0.0,
            0.0,
            1.0
        ]
    ],
    "D": [
        [
            -0.047867413610219955
        ],
        [
            0.08488240092992783
        ],
        [
            -0.10426165163516998
        ],
        [
            0.03310761600732803
        ]
    ],
    "Theta": 1.2353658611772365
}