{"SERIAL": "universal","F":810.347,"CD":[1079.5,1919.5],"D":[-0.111678539396,0.198918092629,-0.154267761172,0.0509162755555],"FSM_r":1080,"FSM_c":[1079.5,1919.5]}



