{"SERIAL":"0000000","F_air":810.347,"F_saline":1025.505,"CD_air":[1079.5,1919.5],"CD_saline":[1079.5,1919.5],"D_air":[-0.111678539396,0.198918092629,-0.154267761172,0.0509162755555],"D_saline":[-0.111678539396,0.198918092629,-0.154267761172,0.0509162755555],"FSM_r":926,"FSM_c":[1079.5,1919.5],"inclination": 45.0}